"file","rows","columns","size_MB","md5","restricted"
"host_rnaseq/enrichment_map_nodes_frozen.csv",160,37,0.16,"146e1e66eb3ec85b17aabd7fe1e9b990",FALSE
"host_rnaseq/fig4C_gsea_annotation.csv",25,13,0.02,"c2f4a0691b707c135977328c803d0cfb",FALSE
"host_rnaseq/gsea_global_results_frozen.csv",8240,20,4.81,"4817156085737bf6df9c6e5078d39b57",FALSE
"host_rnaseq/gsea_targeted_results_frozen.csv",2803,18,1.85,"d3d53a7e010b956682eaafc8930ac142",FALSE
"host_rnaseq/msigdb_2026.1.Hs_gene_sets.rds",,,0.74,"aa209507dd9efe9f701cf97fa4d62a2b",FALSE
"host_rnaseq/tumor_rna_counts.csv",46427,31,7.29,"212f2e7963783724316e70aed36dd86f",FALSE
"metabolome/fecal_metabolites.csv",32,45,0.01,"0a850964cb687f8956fa0b01332abf63",FALSE
"metadata/id_crosswalk_restricted.csv",27,5,0.0,"d38af946ec53d49484da29826ced01e2",TRUE
"metadata/legacy_paired_subjects.csv",10,1,0.0,"e62dcdb71893a28053c943cdd7ecda3a",FALSE
"metadata/patients.csv",26,5,0.0,"a89890129df6a46286736ae46b8e7128",FALSE
"metadata/patients_clinical.csv",26,31,0.0,"5c0cd26f7ee27197b414424329468efa",TRUE
"metadata/patients_covariates.csv",26,4,0.0,"4c9a59a0af02819f031c1d4317ab5ac3",FALSE
"metadata/rna_samples.csv",27,5,0.0,"22423d4aea2b6a483b91b02a9be253b6",FALSE
"metadata/sfig1E_permanova_frozen.csv",26,7,0.0,"efc1eb824856ab2e1a3733ee82cb5a14",FALSE
"metadata/stool_samples.csv",42,4,0.0,"4183ef474082508ad8bca7fb2160c230",FALSE
"microbiome/cazy_family_tpm.tsv",366,43,0.13,"a5a332981b653d4b58cc9eba5e86c319",FALSE
"microbiome/cazy_subfamily_tpm.tsv",6528,43,1.73,"2d78b82d6af92e3809831018ef2c6b1e",FALSE
"microbiome/humann_ec_2.3.1.9_species_stratified.tsv",106,44,0.02,"4cfa866ed1cfef78eeb6e347f6ae40e8",FALSE
"microbiome/humann_ec_cpm_unstratified.tsv",2554,44,0.93,"3c751b6f1302b56d2654990a166f59a0",FALSE
"microbiome/humann_ko_cpm.tsv",7205,44,2.01,"35a73fc3cd68b00d6a10e2847de427c9",FALSE
"microbiome/humann_pathway_abundance.tsv",23748,43,6.81,"e9517da7faaa928b46b6a509d3e29ba3",FALSE
"microbiome/humann_pathway_coverage.tsv",23748,43,5.83,"448c076c59a07759f4bf6282c1a4304a",FALSE
"microbiome/ko_functional_categories.csv",2228,8,1.55,"aa6648820704eee5c0e8df315de8dd25",FALSE
"microbiome/metaphlan_family.csv",241,43,0.05,"240b20f1b463fbf5487ed385f4bfb862",FALSE
"microbiome/metaphlan_genus.csv",657,43,0.15,"29804d2c163545e604a04dfa317684f4",FALSE
"microbiome/metaphlan_phylum.csv",13,43,0.0,"e231a310652760f918fdf7fa176fbb3a",FALSE
"microbiome/metaphlan_sgb.csv",1317,43,0.35,"ef4d4f29b8b5c0f62015014d631cfa1c",FALSE
"microbiome/metaphlan_species.csv",1227,43,0.31,"8e307cc22711415ed99993c99f5d8f5e",FALSE
"microbiome/microbial_groups.csv",110,4,0.01,"c2f48ac31f314bf18224fe0461bf408d",FALSE
"mofa/mofa_input_frozen.rds",,,1.13,"50ce66d42d6695ce978b6142b16d86ac",FALSE
"mofa/mofa_trained_model_frozen.rds",,,0.27,"8f3044b80d122cf058fdb6ee2d66f765",FALSE
"random_forest/rf_inputs_frozen.rds",,,1.12,"ab462afc6af16d0209fc43d79430e977",FALSE
"random_forest/rf_results_submitted.rds",,,0.25,"fce33af7880bb0dff23757430df9dcd4",FALSE
