"SubjectID","Sex","Age","BMI"
"S22207","M",63,28.25
"S22210","M",51,24.0
"S22211","F",70,22.96
"S22218","M",75,30.59
"S22255","M",48,22.87
"S22294","F",58,23.18
"S22334","F",34,19.25
"S22338","M",64,26.62
"S22360","F",78,24.11
"S23060","M",60,21.66
"S23122","F",72,24.14
"S23124","M",50,20.51
"S23134","F",62,19.99
"S23182","M",73,23.38
"S23187","M",64,18.88
"S23197","M",68,27.11
"S23220","M",60,17.24
"S23280","F",76,20.05
"S23312","M",58,19.65
"S23450","M",49,29.21
"S23460","F",62,23.92
"S23486","M",51,26.74
"S23526","M",51,19.97
"S24068","M",61,23.17
"S24085","F",60,18.73
"S24104","F",80,26.36
