"SubjectID","Response","TRG_score","TRG_label","EnrolmentOrder"
"S22211","non-pCR",2,"PR",1
"S22207","pCR",0,"CR",2
"S22210","pCR",0,"CR",3
"S22218","non-pCR",2,"PR",4
"S22255","pCR",0,"CR",5
"S22294","pCR",0,"CR",6
"S22334","non-pCR",2,"PR",7
"S22338","non-pCR",1,"nearCR",8
"S22360","non-pCR",2,"PR",9
"S23060","pCR",0,"CR",10
"S23122","pCR",0,"CR",11
"S23134","non-pCR",2,"PR",12
"S23124","non-pCR",3,"Poor",13
"S23182","non-pCR",3,"Poor",14
"S23197","pCR",0,"CR",15
"S23187","pCR",0,"CR",16
"S23220","non-pCR",2,"PR",17
"S23280","non-pCR",3,"Poor",18
"S23312","pCR",0,"CR",19
"S23460","non-pCR",1,"nearCR",20
"S23450","non-pCR",2,"PR",21
"S23486","non-pCR",1,"nearCR",22
"S23526","pCR",0,"CR",23
"S24068","non-pCR",2,"PR",24
"S24085","non-pCR",3,"Poor",25
"S24104","pCR",0,"CR",26
