"RNA_sample_id","SubjectID","Timepoint","Tissue","SampleID"
"TNT_RNA_44","S22207","Before","tumor","Sample_8"
"TNT_RNA_45","S22210","Before","tumor","Sample_9"
"TNT_RNA_43","S22211","Before","tumor","Sample_7"
"TNT_RNA_2","S22218","Before","tumor","Sample_11"
"TNT_RNA_3","S22218","Ongoing","tumor","Sample_14"
"TNT_RNA_5","S22255","Before","tumor","Sample_13"
"TNT_RNA_6","S22255","Ongoing","tumor","Sample_15"
"TNT_RNA_11","S22294","Before","tumor","Sample_16"
"TNT_RNA_12","S22294","Ongoing","tumor","Sample_17"
"TNT_RNA_14","S22334","Before","tumor","Sample_19"
"TNT_RNA_15","S22334","Ongoing","tumor","Sample_22"
"TNT_RNA_17","S22338","Before","tumor","Sample_18"
"TNT_RNA_18","S22338","Ongoing","tumor","Sample_20"
"TNT_RNA_47","S22360","Before","tumor","Sample_21"
"TNT_RNA_23","S23060","Before","tumor","Sample_23"
"TNT_RNA_29","S23124","Before","tumor","Sample_25"
"TNT_RNA_30","S23124","Ongoing","tumor","Sample_28"
"TNT_RNA_49","S23134","Before","tumor","Sample_27"
"TNT_RNA_33","S23182","Ongoing","tumor","Sample_35"
"TNT_RNA_52","S23187","Before","tumor","Sample_32"
"TNT_RNA_51","S23197","Before","tumor","Sample_33"
"TNT_RNA_35","S23220","Before","tumor","Sample_36"
"TNT_RNA_55","S23312","Before","tumor","Sample_38"
"TNT_RNA_56","S23460","Before","tumor","Sample_41"
"TNT_RNA_57","S23486","Before","tumor","Sample_43"
"TNT_RNA_58","S23526","Before","tumor","Sample_44"
"TNT_RNA_61","S24068","Before","tumor","Sample_2"
