"Covariate","N","Type","R2_percent","F","P","Group"
"Smoking",24,"categorical",9.00651920773752,1.03928820897777,0.371,"Patient-related"
"Glucose",23,"numeric",5.96614559540838,1.33238245201037,0.072,"Blood biomarkers"
"CRP",20,"numeric",5.64038767072555,1.07595798209487,0.299,"Blood biomarkers"
"BMI",26,"numeric",5.4622273421864,1.38667807085932,0.052,"Patient-related"
"Pulmonary_disease",24,"categorical",5.41627533205741,1.2598156577529,0.092,"Comorbidities"
"WBC",23,"numeric",4.89904224114385,1.08179654010309,0.304,"Blood biomarkers"
"Sex",26,"categorical",4.73730025416572,1.1934913287501,0.173,"Patient-related"
"Creatinine",23,"numeric",4.67574112957903,1.03006899696577,0.38,"Blood biomarkers"
"Drinking",24,"categorical",4.51694951763219,1.0407385277899,0.365,"Patient-related"
"Hemoglobin",21,"numeric",4.48721519838889,0.892624887301482,0.659,"Blood biomarkers"
"Segmented_neutrophil",23,"numeric",4.48326512709852,0.985676151873773,0.467,"Blood biomarkers"
"Cancer_family_history",24,"categorical",4.4795163223817,1.03170917166837,0.387,"Patient-related"
"Cerebrovascular_accident",24,"categorical",4.44208951411337,1.02268842855169,0.397,"Comorbidities"
"Heart_disease",24,"categorical",4.27889216310391,0.98343646156591,0.455,"Comorbidities"
"Hypertension",24,"categorical",4.2466151626255,0.975689096906943,0.484,"Comorbidities"
"cT_stage",26,"numeric",4.10938410665823,1.02851793828811,0.404,"Tumor-related"
"Diabetes",24,"categorical",4.04051739504634,0.926342871782333,0.607,"Comorbidities"
"TRG_score",26,"numeric",3.9401674853767,0.984428321115856,0.484,"Tumor-related"
"Lymphocyte",23,"numeric",3.8619703783262,0.84359309488663,0.745,"Blood biomarkers"
"NLR",23,"numeric",3.78224413007265,0.825493444670439,0.78,"Blood biomarkers"
"CEA",26,"numeric",3.68818431842999,0.91906089627649,0.556,"Tumor-related"
"Albumin",23,"numeric",3.60184075062143,0.784648341337884,0.849,"Blood biomarkers"
"ASA",26,"numeric",3.57310875280522,0.88932256301294,0.677,"Patient-related"
"Liver_disease",24,"categorical",3.48879652866194,0.795280971222756,0.819,"Comorbidities"
"Age",26,"numeric",3.31240926483011,0.822213292848194,0.787,"Patient-related"
"cN_stage",26,"numeric",3.27741823869726,0.813233438317961,0.799,"Tumor-related"
