"AnalysisOrder","SampleID","SubjectID","Timepoint"
1,"Sample_7","S22211","Before"
2,"Sample_10","S22211","Ongoing"
3,"Sample_8","S22207","Before"
4,"Sample_9","S22210","Before"
5,"Sample_12","S22210","Ongoing"
6,"Sample_11","S22218","Before"
7,"Sample_14","S22218","Ongoing"
8,"Sample_13","S22255","Before"
9,"Sample_15","S22255","Ongoing"
10,"Sample_16","S22294","Before"
11,"Sample_17","S22294","Ongoing"
12,"Sample_19","S22334","Before"
13,"Sample_22","S22334","Ongoing"
14,"Sample_18","S22338","Before"
15,"Sample_20","S22338","Ongoing"
16,"Sample_21","S22360","Before"
17,"Sample_23","S23060","Before"
18,"Sample_24","S23122","Before"
19,"Sample_26","S23122","Ongoing"
20,"Sample_27","S23134","Before"
21,"Sample_29","S23134","Ongoing"
22,"Sample_25","S23124","Before"
23,"Sample_28","S23124","Ongoing"
24,"Sample_31","S23182","Before"
25,"Sample_35","S23182","Ongoing"
26,"Sample_33","S23197","Before"
27,"Sample_34","S23197","Ongoing"
28,"Sample_32","S23187","Before"
29,"Sample_36","S23220","Before"
30,"Sample_37","S23280","Before"
31,"Sample_38","S23312","Before"
32,"Sample_39","S23312","Ongoing"
33,"Sample_41","S23460","Before"
34,"Sample_42","S23460","Ongoing"
35,"Sample_40","S23450","Before"
36,"Sample_43","S23486","Before"
37,"Sample_44","S23526","Before"
38,"Sample_45","S23526","Ongoing"
39,"Sample_2","S24068","Before"
40,"Sample_3","S24068","Ongoing"
41,"Sample_4","S24085","Before"
42,"Sample_5","S24104","Before"
