"main_category","family_id","display_label","Host_axis","pathway_label","pathway_id","gs_name","NES","pval","padj","size","leadingEdge","pass_display_filter"
"Innate immunity","INN_TNF_IL6","TNF-NF-kB / IL6-JAK-STAT signaling","Immune / inflammatory response","TNF-NF-kB / IL6-JAK-STAT signaling","Immune / inflammatory response__KEGG_MEDICUS_ENV_FACTOR_NNK_NNN_TO_PI3K_SIGNALING_PATHWAY_N01339","KEGG_MEDICUS_ENV_FACTOR_NNK_NNN_TO_PI3K_SIGNALING_PATHWAY_N01339",2.01436515620112,0.000334813166590113,0.0132632460162139,11,"AKT3;CHRNA7;NFKB1;PIK3CB;AKT2;AKT1;PIK3CA;RELA",TRUE
"Metabolite signaling","MET_NIACIN","NAD/niacin metabolism","Niacin / nicotinamide / NAD response","NAD/niacin metabolism","Niacin / nicotinamide / NAD response__GOMF_NAD_P_H_OXIDASE_H2O2_FORMING_ACTIVITY","GOMF_NAD_P_H_OXIDASE_H2O2_FORMING_ACTIVITY",1.92030898155231,0.000695742648478542,0.0211154328316877,12,"PYROXD1;FMO5;KMO;CYB5R4;MICAL2;CYBB",TRUE
"Barrier/mucus/AMP","BAR_MUCUS","Mucus/goblet-cell program","Mucus / goblet-cell / antimicrobial peptide program","Mucus/goblet-cell program","Mucus / goblet-cell / antimicrobial peptide program__REACTOME_O_LINKED_GLYCOSYLATION_OF_MUCINS","REACTOME_O_LINKED_GLYCOSYLATION_OF_MUCINS",1.84178304938492,0.00032038099386017,0.0132632460162139,55,"B3GNT7;GALNT5;MUC12;ST6GAL1;B3GNT5;B4GALT6;B3GNT3;GALNT1;GALNT7;MUC5AC;GALNT12;ST3GAL4;B3GNT8;MUC4;GCNT3;C1GALT1C1;MUC3A;MUC6;MUC5B;B3GNT6;MUC13;GALNT3;ST3GAL3;GALNTL6;B3GNT4",TRUE
"Tumor remodeling/CRC","TUM_G2M","G2/M checkpoint","Tumor remodeling / inflammation-linked CRC program","G2/M checkpoint","Tumor remodeling / inflammation-linked CRC program__HALLMARK_G2M_CHECKPOINT","HALLMARK_G2M_CHECKPOINT",1.75376542917127,1.52335599293483e-05,0.00189450090757713,197,"DR1;YTHDC1;UPF1;KMT5A;STAG1;EGF;NUP50;MARCKS;PAFAH1B1;SS18;TRA2B;ARID4A;EFNA5;TACC3;NDC80;HIRA;PURA;ATF5;CTCF;STIL;LMNB1;KNL1;SMC4;CCNA2;CCNT1;PRC1;NSD2;CENPE;E2F2;BCL3;KIF23;CUL1;TMPO;UBE2S;SFPQ;MTF2;SMAD3;NUMA1;DDX39A;MKI67;KIF20B;NOTCH2;EWSR1;HUS1;TENT4A;HNRNPD;ILF3;CDKN3;POLE;PLK4;HMGN2;CDC7;SLC38A1;KIF11;CENPF;CCNB2;STMN1;CDC20;LBR;CUL5;RPS6KA5;TROAP;AMD1;EZH2;SMC2;POLQ;TOP1;ESPL1;CDK1;MAPK14;SRSF10;PLK1;INCENP;PDS5B;CDKN2C;KIF2C;KIF15;NUSAP1;BUB3;NASP;PBK;H2AZ1;SLC7A1;CUL3;ABL1;SAP30;TOP2A;CDKN1B;BUB1;DBF4;H2BC12;ODC1;NUP98;UCK2;CDC25A;SRSF2;AURKB;TNPO2;KPNB1;E2F4;SRSF1;CCNF;TFDP1",TRUE
"Adaptive immunity","ADP_TACT","T-cell activation","Cytokines / chemokines","T-cell activation","Cytokines / chemokines__GOBP_ALPHA_BETA_T_CELL_ACTIVATION","GOBP_ALPHA_BETA_T_CELL_ACTIVATION",1.70478386486491,3.28997298971783e-05,0.00321477360709571,211,"CCL19;BCL2;ITK;PTGER4;CD3E;RC3H1;IL18;MALT1;TNFSF4;ZBTB7B;CD247;EP300;IL15;IL6R;IL12RB2;CD28;SH3RF1;BRAF;ENTPD7;ZNF683;SASH3;CLEC2D;WDFY4;IRF4;LCK;NCR3LG1;IL12RB1;ZAP70;SPN;TRBC2;SLAMF6;CD3G;RHOA;JAK2;TYK2;IL23R;IL18R1;HLA-E;LY9;IL2RG;FOXP1;GPR18;NCKAP1L;ZBTB16;LGALS3;ELF4;ATP7A;BRD4;IRF1;EOMES;STAT5A;RC3H2;RASAL3;TRAC;HLA-A;RORC;JAK1;RSAD2;TRBC1;IHH;CRACR2A;BCL3;CRTAM;TCIRG1;CLEC2B;MYB;PRDM1;CD3D;GLI3;AP3B1;CD55;STAT3",TRUE
"Adaptive immunity","ADP_TCELL_DIFF","T-cell differentiation","Th1 / Th2 / Th17 / Treg lineage","T-cell differentiation","Th1 / Th2 / Th17 / Treg lineage__GOBP_T_CELL_DIFFERENTIATION","GOBP_T_CELL_DIFFERENTIATION",1.6830186870345,4.05213920200865e-06,0.000652156050393863,328,"KLRC1;CLPTM1;CD8A;SPINK5;CCL19;RASGRP1;IKZF3;BCL2;ITK;PTGER4;CD3E;THEMIS;CAMK4;RABL3;TESPA1;RC3H1;IL18;MALT1;TNFSF4;LIG4;PTPN2;ZBTB7B;EP300;IL15;IL6R;CD28;SH3RF1;BRAF;ENTPD7;ZNF683;SASH3;METTL14;IRF4;LCK;HLA-G;YY1;IL12RB1;CD2;BTNL3;CYLD;ZAP70;PIK3R6;PCK1;SPN;TRAF3IP2;SLAMF6;CD3G;PBRM1;RHOA;ZBTB1;IL23R;IL18R1;ZEB1;SOS2;LY9;WNT4;IL2RG;FOXP1;GPR18;NCKAP1L;ZBTB16;B2M;NFE2L2;PTPN22;KAT5;ARID1A;FZD5;ATP7A;VNN1;BRD4;IRF1;EOMES;STAT5A;RC3H2;SOS1;TSC1;RORC;JAK1;FGL2;RSAD2;NHEJ1;CD27;IHH;CRACR2A;BCL3;CRTAM;TCIRG1;MYB;PIK3R3;PRDM1;NRARP;ARID2;CCR9;USP44;CD3D;ZMIZ1;GLI3;AP3B1;STAT3",TRUE
"Metabolite signaling","MET_AHR","AhR/indole ligand response","Indole / AhR / xenobiotic response","AhR/indole ligand response","Indole / AhR / xenobiotic response__WP_ARYL_HYDROCARBON_RECEPTOR_PATHWAY_WP2586","WP_ARYL_HYDROCARBON_RECEPTOR_PATHWAY_WP2586",1.68147973845548,0.0026104364030923,0.043285781811276,44,"NRAS;RAF1;NFKB1;EP300;NRIP1;MAPK1;KLF6;KRAS;MAP2K1;CDC37;NFE2L2;EGFR;ARNT;PLAGL1;CD36;PSRC1;RELA",TRUE
"Adaptive immunity","ADP_LYMPH","Lymphocyte-mediated immunity","Immune / inflammatory response","Lymphocyte-mediated immunity","Immune / inflammatory response__GOBP_LYMPHOCYTE_MEDIATED_IMMUNITY","GOBP_LYMPHOCYTE_MEDIATED_IMMUNITY",1.62464359618267,1.83666763117318e-05,0.00201004905555593,354,"KLRC1;CD8A;SLA2;KLRC4;RASGRP1;CRK;RAB27A;C7;KLRK1;RNF19B;PCYT1A;TIGIT;KLRD1;IL18;MALT1;TRPM4;IL2RB;TNFSF4;FBXO38;KLRC3;CD1C;LIG4;CD96;GZMM;PIK3CB;SH2D1A;CD28;PRKAA1;KMT5B;SASH3;CLNK;CEBPG;PIK3C3;PRKCD;CORO1A;IGHV3-33;HLA-G;IL12RB1;CD2;PDCD1;IGHV3-66;CR2;PIK3R6;SPN;LYST;BCL10;DENND1B;TRAF3IP2;SLAMF6;TRAF6;ZBTB1;IGHV3-30;SHLD2;TNFSF13;IL23R;CLC;KIR2DL4;IL18R1;HLA-E;IL9R;IL2RG;MYD88;NCKAP1L;B2M;FCMR;PVR;IGHV7-4-1;BTN3A2;CD19;HCST;CD1E;NBN;AP1G1;FZD5;BTK;RNF168;MLH1;HLA-H;STAT5A;IGHV2-70D;NSD2;HLA-A;BTLA;TYROBP;FCER2;RSAD2;HLA-C;CD27;FCER1A;TFRC;BCL3;IRF7;IGHV3-49;CRTAM;TCIRG1;CD7;IGHV1-3;TUBB4B;IGHV1-24;IGHV3-72;CD55;IGHV2-5;IL21R;C4BPA;C4BPB;NCR1;C6;HMGB1;TNFRSF14;C8G;CLU",TRUE
"Barrier/mucus/AMP","BAR_JUNCTION","Apical/tight junction","Barrier / tight junction / epithelial integrity","Apical/tight junction","Barrier / tight junction / epithelial integrity__KEGG_TIGHT_JUNCTION","KEGG_TIGHT_JUNCTION",1.59053148246196,0.00224107871580574,0.0401852689747315,114,"AKT3;YES1;RAB3B;NRAS;CLDN8;GNAI1;PRKCD;MYL12B;CLDN14;CLDN7;VAPA;PTEN;KRAS;AKT2;TJP1;MYL12A;RHOA;EPB41L3;MYH11;PRKCI;PPP2R1B;TJP3;MPDZ;MRAS;MAGI3;PPP2R2D;CLDN23;PRKCE;MYH15;IGSF5;PPP2CB;GNAI3;ASH1L;MYL5;CGN;AKT1;MAGI1;ACTN4;PPP2R2B;ACTB;ACTG1;CTNNA1;TJP2;CRB3;PPP2CA;F11R;CLDN3",TRUE
"Innate immunity","INN_IFN","Interferon response","Cytokines / chemokines","Interferon response","Cytokines / chemokines__HALLMARK_INTERFERON_GAMMA_RESPONSE","HALLMARK_INTERFERON_GAMMA_RESPONSE",1.48840319541816,0.00288107687489216,0.0460972299982746,197,"SPPL2A;BANK1;CD38;KLRK1;NFKB1;SAMD9L;MARCHF1;CASP3;IL2RB;IRF2;SRI;PTPN2;IL15;CCL5;FAS;TOR1B;IRF4;HLA-G;P2RY14;TRIM25;GZMA;APOL6;JAK2;GBP4;TAP1;CASP7;EIF4E3;CXCL11;MYD88;GPR18;B2M;TNFSF10;IFIT3;ISG20;PLSCR1;IRF1;UPP1;TDRD7;HLA-A;FGL2;RSAD2;STAT2;TRIM21;RIPK1;IRF7;MX2;LAP3;PIM1;SP110;DDX60;STAT3;LYSMD2;PARP14;OASL;BTG1;HERC6;HLA-DRB1;ITGB7;NLRC5;IFI44;GCH1;ZNFX1;XAF1;IFIH1;RAPGEF6;USP18;IRF8;IFIT1;HLA-B;PTPN1;DHX58;ADAR;RNF31;CD40;TRIM14;CMPK2;ARID5B;ISOC1;TRAFD1;SLC25A28;IRF9;MX1;CMKLR1;IFI44L;PNP;FCGR1A;IFI30;TXNIP",TRUE
"Tumor remodeling/CRC","TUM_ANGIO","Angiogenic remodeling","Angiogenesis / hypoxia","Angiogenic remodeling","Angiogenesis / hypoxia__WP_VEGFAVEGFR2_SIGNALING","WP_VEGFAVEGFR2_SIGNALING",1.41950801427737,0.000616712746636618,0.019850894997621,426,"TMOD3;LARP7;PRKAA2;KATNAL2;NR4A2;ADAM10;GAB1;CRK;LMAN1;SYNJ1;BCL2;IQGAP1;SIAH2;CAMKK2;ARF6;RAF1;NFKB1;FOXO1;CCRL2;SEMA6D;PTPN9;FAS;BMP2;PRDX6;PRKAA1;EPN1;PAK2;PPP3CA;FN1;MAPK1;PRKCD;MKNK1;RAB5A;EIF4G2;MAP2K4;SCUBE2;RAP1A;RAPGEF1;SH3BGRL3;PXN;TRAF3IP2;RHOA;MYH11;FAM120A;RAB11A;KL;NAPA;CFL1;FLII;LRRFIP2;PRKCI;RICTOR;PFN1;PTK2B;PDE4DIP;MICAL2;EIF2AK3;MAP3K5;MAP2K1;EIF4E;PTPRJ;NUMB;IER5;AKT1S1;RAB37;FRS2;FGG;AP2A1;CYBB;ARF4;BMX;FBXW11;GIPC1;FLNB;GRSF1;BRD4;TRIP4;EEA1;COPG1;TNXB;NCK1;ROCK1;HERPUD1;ATF6;CYCS;MYO1C;TMEM170A;DKK1;F3;MAPKAPK5;PRKCE;MAP2K7;MAPKAPK2;SRP54;ARNT;MAP2K3;PRKD2;EZR;EIF4G1;PRKD1;NRARP;INPP5K;PLCB3;TPM3;STAT3;NFATC1;C15orf39;TUBA1C;CBL;EWSR1;GSK3B;AKT1;HMGB1;PIK3CA;CREBBP;HDAC9;TPCN2;CSK;PPP1CA;ADAM9;BCAR1;DHX36;STAM;RELA;VPS39;ACTG1;SMARCA2;HBD;CTNNA1;ATP6V0D1;ATF4;EPS15;MAPK8;FMNL3;ATP6V1E1;MEF2C;ELOA;CAPN2;PTPN1",TRUE
"Tumor remodeling/CRC","TUM_HYPOXIA","Hypoxia response","Angiogenesis / hypoxia","Hypoxia response","Angiogenesis / hypoxia__WP_VEGFAVEGFR2_SIGNALING","WP_VEGFAVEGFR2_SIGNALING",1.41950801427737,0.000616712746636618,0.019850894997621,426,"TMOD3;LARP7;PRKAA2;KATNAL2;NR4A2;ADAM10;GAB1;CRK;LMAN1;SYNJ1;BCL2;IQGAP1;SIAH2;CAMKK2;ARF6;RAF1;NFKB1;FOXO1;CCRL2;SEMA6D;PTPN9;FAS;BMP2;PRDX6;PRKAA1;EPN1;PAK2;PPP3CA;FN1;MAPK1;PRKCD;MKNK1;RAB5A;EIF4G2;MAP2K4;SCUBE2;RAP1A;RAPGEF1;SH3BGRL3;PXN;TRAF3IP2;RHOA;MYH11;FAM120A;RAB11A;KL;NAPA;CFL1;FLII;LRRFIP2;PRKCI;RICTOR;PFN1;PTK2B;PDE4DIP;MICAL2;EIF2AK3;MAP3K5;MAP2K1;EIF4E;PTPRJ;NUMB;IER5;AKT1S1;RAB37;FRS2;FGG;AP2A1;CYBB;ARF4;BMX;FBXW11;GIPC1;FLNB;GRSF1;BRD4;TRIP4;EEA1;COPG1;TNXB;NCK1;ROCK1;HERPUD1;ATF6;CYCS;MYO1C;TMEM170A;DKK1;F3;MAPKAPK5;PRKCE;MAP2K7;MAPKAPK2;SRP54;ARNT;MAP2K3;PRKD2;EZR;EIF4G1;PRKD1;NRARP;INPP5K;PLCB3;TPM3;STAT3;NFATC1;C15orf39;TUBA1C;CBL;EWSR1;GSK3B;AKT1;HMGB1;PIK3CA;CREBBP;HDAC9;TPCN2;CSK;PPP1CA;ADAM9;BCAR1;DHX36;STAM;RELA;VPS39;ACTG1;SMARCA2;HBD;CTNNA1;ATP6V0D1;ATF4;EPS15;MAPK8;FMNL3;ATP6V1E1;MEF2C;ELOA;CAPN2;PTPN1",TRUE
"Tumor remodeling/CRC","TUM_MYC","MYC targets","Tumor remodeling / inflammation-linked CRC program","MYC targets","Tumor remodeling / inflammation-linked CRC program__HALLMARK_MYC_TARGETS_V1","HALLMARK_MYC_TARGETS_V1",-1.48574293280781,0.00200050236091657,0.0377901693852952,199,"CCT4;LSM2;CCT7;PSMB3;HSPE1;YWHAQ;RPS3;EIF1AX;SSB;RPS2;RPL22;MRPS18B;RPS6;HSPD1;CCT3;PSMB2;NHP2;HDDC2;PSMA7;RRP9;SNRPA1;EIF3B;EIF3D;VDAC1;PSMA1;ORC2;CLNS1A;RSL1D1;NME1;PABPC1;RPL6;PSMD3;EIF2S2;RNPS1;PSMA2;SRM;RPS10;PRDX4;PSMD14;COPS5;PPM1G;CCT2;HPRT1;PPIA;AIMP2;SNRPD3;RACK1;ACP1;EEF1B2;NPM1;SNRPD2;HDAC2;RPS5;MRPL23;CAD;C1QBP;RPL14;MYC;TCP1;GLO1;SNRPG;SSBP1;RPL34;EIF2S1;EXOSC7;XPOT;PWP1;TUFM;CDK4;RAD23B;PSMD7;MCM6;PHB2;IMPDH2;PRPS2;PSMA6;SMARCC1;CANX;G3BP1;SF3B3;HSP90AB1;POLD2;DDX18;PGK1;GNL3;ERH;NAP1L1",TRUE
"Tumor remodeling/CRC","TUM_ECM","ECM/collagen remodeling","Tumor remodeling / inflammation-linked CRC program","ECM/collagen remodeling","Tumor remodeling / inflammation-linked CRC program__GOBP_COLLAGEN_FIBRIL_ORGANIZATION","GOBP_COLLAGEN_FIBRIL_ORGANIZATION",-1.55698944881741,0.00536684136106226,0.07305312419834,76,"COMP;SERPINF2;CHADL;FOXC2;PLOD1;P3H4;SCX;COL4A3;LOXL2;COL28A1;COL7A1;COL6A1;EFEMP2;CRTAP;COL5A3;COLGALT2;SERPINH1;COL5A2;MMP11;COL1A1;COL4A1;SELENON;ADAMTS2;COL12A1;COL11A2;COL4A2;FKBP10;COL5A1;EMILIN1;COL1A2;AEBP1;P3H1;EXT1;LOXL1",TRUE
"Barrier/mucus/AMP","BAR_AMP","Antimicrobial defense program","Immune / inflammatory response","Antimicrobial defense program","Immune / inflammatory response__GOBP_ANTIMICROBIAL_HUMORAL_RESPONSE","GOBP_ANTIMICROBIAL_HUMORAL_RESPONSE",-1.58395128733945,0.000725693368201014,0.0211154328316877,153,"REG1A;S100A9;REG1B;SPRR2A;CCL17;PGC;CXCL1;FGB;RPL39;CXCL2;ROMO1;REG3G;S100A12;XCL1;CCL24;LYZ;DMBT1;REG3A;COLEC11;CX3CL1;RPL30;GNLY;FGA;H2BC13;WFDC10B;SLC11A1;BPI;IGHG2;PRSS2;IL17A;MMP7;RNASE2;IGHG4;S100A7;CXCL6;IL17F;DEFB1;KLK7;CCL11;H2BC11;CXCL8;CCL22;CCL20;FAM3A;PGLYRP4;CCL3;CCL14;LTF;CTSG;FAU;CXCL10;PGLYRP3",TRUE
"Metabolite signaling","MET_CARB_DIGEST","Carbohydrate digestion/absorption","Tumor remodeling / inflammation-linked CRC program","Carbohydrate digestion/absorption","Tumor remodeling / inflammation-linked CRC program__NABA_CORE_MATRISOME","NABA_CORE_MATRISOME",-1.60338479089213,0.000156833207470073,0.00853181156039814,232,"COMP;VWA1;COL22A1;CILP2;RSPO4;FGB;VWA5B1;CHADL;HAPLN3;MFAP2;AMELX;VWA2;LTBP3;EGFLAM;LGI4;BMPER;MATN3;FBLN7;DMBT1;TSKU;IGFBP2;COL16A1;MXRA5;COL9A3;FGA;LAMA5;SMOC2;COL18A1;SBSPON;CCN6;LAMA4;COL4A3;MFGE8;IGFBP1;LAMC1;IGFBP7;COL28A1;COL7A1;COL6A2;SLIT3;ZP2;PODNL1;MGP;TECTB;COL10A1;TNC;VWF;SSPOP;CRELD1;MATN4;FBLN2;COL6A1;ESM1;THBS3;EFEMP2;NTN5;SRPX2;COL13A1;COL5A3;COL8A2;ELN;COL5A2;VWDE;USH2A;ECM1;SPP1;COL1A1;HSPG2;KCP;COL21A1;BGN;CTHRC1;THBS2;CILP;PAPLN;COL4A1;EMILIN3;FBLN5;HAPLN4;TNFAIP6;LAMB1;TINAGL1;NTNG2;TNN;COL6A3;LAMB2;COL27A1;COL12A1;HMCN2;LRG1;EMILIN2;FNDC1;ANOS1;COL11A2;IGFBP6;CCN4",TRUE
"Innate immunity","INN_TLR_NOD","TLR/NOD pattern-recognition signaling","Innate immune receptor downstream signaling","TLR/NOD pattern-recognition signaling","Innate immune receptor downstream signaling__REACTOME_NOD1_2_SIGNALING_PATHWAY","REACTOME_NOD1_2_SIGNALING_PATHWAY",-1.63524700623299,0.00860673875613366,0.0952970500679313,36,"NOD2;TNFAIP3;RIPK2;IRAK2;CARD9;RPS27A;NOD1;AAMP;CASP4;MAPK12",TRUE
"Innate immunity","INN_COMPLEMENT","Complement","Immune / inflammatory response","Complement","Immune / inflammatory response__WP_COMPLEMENT_SYSTEM","WP_COMPLEMENT_SYSTEM",-1.67080227396953,0.00108163039197152,0.0266718980803337,85,"CFB;FGB;SELPLG;C2;F10;ICAM1;GNAI2;CPN1;GNA15;PLG;ARRB2;PLAUR;FGA;LAMA5;C4A;C3;CFP;ITGB2;SELE;ICAM2;LAMC1;FCN1;ITGA2;MASP1;LRP2;ITGB3;F12;FPR1;SPP1;CD46;SERPING1;TLR2;LAMB1;CFD;RPS19;C1QBP",TRUE
"Tumor remodeling/CRC","TUM_WNT","Wnt/beta-catenin signaling","Tumor remodeling / inflammation-linked CRC program","Wnt/beta-catenin signaling","Tumor remodeling / inflammation-linked CRC program__REACTOME_RUNX3_REGULATES_WNT_SIGNALING","REACTOME_RUNX3_REGULATES_WNT_SIGNALING",-1.7801529942354,0.00521154757934156,0.072014112005447,8,"TCF7L1;CTNNB1;RUNX3;TCF7",TRUE
"Metabolite signaling","MET_SCFA","Butyrate/SCFA response","SCFA / butyrate / fatty-acid response","Butyrate/SCFA response","SCFA / butyrate / fatty-acid response__GOMF_GABA_A_RECEPTOR_ACTIVITY","GOMF_GABA_A_RECEPTOR_ACTIVITY",-1.79586696253438,0.00639166688031634,0.0813376771374209,12,"GABRB2;GABRA3;GABRR1;GABRQ;GABRP;GABRA4;GABRD",TRUE
"Gut homing","GUT_INTEGRIN","Integrin-mediated gut homing","Gut homing / integrin / lymphocyte trafficking","Integrin-mediated gut homing","Gut homing / integrin / lymphocyte trafficking__REACTOME_INTEGRIN_CELL_SURFACE_INTERACTIONS","REACTOME_INTEGRIN_CELL_SURFACE_INTERACTIONS",-1.87742602897322,9.94091424421806e-05,0.00679958534304516,84,"COMP;FGB;ITGA5;ICAM1;CD44;COL16A1;COL9A3;FGA;COL18A1;ITGB2;ICAM2;COL4A3;ITGA9;COL7A1;COL6A2;COL10A1;TNC;ITGA7;VWF;COL6A1;ITGA2;COL13A1;COL5A3;COL8A2;COL5A2;ITGB3;SPP1;KDR;ITGB5;COL1A1;HSPG2",TRUE
"Gut homing","GUT_MIGRATION","Inflammatory leukocyte trafficking","Gut homing / integrin / lymphocyte trafficking","Inflammatory leukocyte trafficking","Gut homing / integrin / lymphocyte trafficking__GOBP_LEUKOCYTE_MIGRATION_INVOLVED_IN_INFLAMMATORY_RESPONSE","GOBP_LEUKOCYTE_MIGRATION_INVOLVED_IN_INFLAMMATORY_RESPONSE",-2.03074827573429,0.000245673607552903,0.0112027165044124,18,"S100A9;NINJ1;CX3CL1;ADAM8;ITGB2;SELE;FFAR2;S100A8",TRUE
"Metabolite signaling","MET_ROS","Oxidative stress/ROS response","Tumor remodeling / inflammation-linked CRC program","Oxidative stress/ROS response","Tumor remodeling / inflammation-linked CRC program__HALLMARK_EPITHELIAL_MESENCHYMAL_TRANSITION","HALLMARK_EPITHELIAL_MESENCHYMAL_TRANSITION",-2.14733025363273,3.20367911304243e-10,1.74972063766349e-07,199,"PDLIM4;COMP;MSX1;HTRA1;CXCL1;EMP3;GADD45B;ITGA5;SNTB1;FOXC2;FLNA;TPM2;TNFAIP3;CDH6;CD44;MATN3;PLOD1;WNT5A;IGFBP2;COL16A1;MXRA5;PMEPA1;PLAUR;GPC1;TFPI2;SFRP4;TIMP3;IL32;TIMP1;TNFRSF12A;MMP1;LAMC1;LOXL2;PRSS2;COL7A1;CAPG;MAGEE1;COL6A2;NNMT;CRLF1;SLIT3;WIPF1;MGP;CXCL6;TNC;FBLN2;ITGA2;IL6;TGFB1;SERPINE2;EFEMP2;LRP1;ANPEP;CXCL8;INHBA;FSTL1;SDC4;COL5A3;PDGFRB;THY1;SERPINE1;SERPINH1;COL8A2;ELN;COL5A2;ITGB3;PRRX1;RHOB;NTM;ECM1;SPP1;ITGB5;MMP3;COL1A1;MYL9;SAT1;TGM2;BGN;CTHRC1;THBS2",TRUE
"Tumor remodeling/CRC","TUM_EMT","Epithelial-mesenchymal transition","Tumor remodeling / inflammation-linked CRC program","Epithelial-mesenchymal transition","Tumor remodeling / inflammation-linked CRC program__HALLMARK_EPITHELIAL_MESENCHYMAL_TRANSITION","HALLMARK_EPITHELIAL_MESENCHYMAL_TRANSITION",-2.14733025363273,3.20367911304243e-10,1.74972063766349e-07,199,"PDLIM4;COMP;MSX1;HTRA1;CXCL1;EMP3;GADD45B;ITGA5;SNTB1;FOXC2;FLNA;TPM2;TNFAIP3;CDH6;CD44;MATN3;PLOD1;WNT5A;IGFBP2;COL16A1;MXRA5;PMEPA1;PLAUR;GPC1;TFPI2;SFRP4;TIMP3;IL32;TIMP1;TNFRSF12A;MMP1;LAMC1;LOXL2;PRSS2;COL7A1;CAPG;MAGEE1;COL6A2;NNMT;CRLF1;SLIT3;WIPF1;MGP;CXCL6;TNC;FBLN2;ITGA2;IL6;TGFB1;SERPINE2;EFEMP2;LRP1;ANPEP;CXCL8;INHBA;FSTL1;SDC4;COL5A3;PDGFRB;THY1;SERPINE1;SERPINH1;COL8A2;ELN;COL5A2;ITGB3;PRRX1;RHOB;NTM;ECM1;SPP1;ITGB5;MMP3;COL1A1;MYL9;SAT1;TGM2;BGN;CTHRC1;THBS2",TRUE
"Tumor remodeling/CRC","TUM_CRC_ADENOMA","Colorectal adenoma signature","Tumor remodeling / inflammation-linked CRC program","Colorectal adenoma signature","Tumor remodeling / inflammation-linked CRC program__SABATES_COLORECTAL_ADENOMA_UP","SABATES_COLORECTAL_ADENOMA_UP",-2.55856420483265,1.83798271994255e-13,1.2571801804407e-10,136,"TACSTD2;REG1A;REG1B;MSX1;UCA1;TNFRSF6B;SLC16A4;RNF183;DPEP1;CXCL1;ALDH4A1;APCDD1;C2CD4A;SP5;NQO1;TCN1;LRRC36;CXCL2;CD44;CBLIF;DMBT1;CST1;AXIN2;REG3A;TEAD4;GALNT6;ETV4;IGFBP2;MSLN;NOTUM;NKD1;HES6;GATA2-AS1;S100A2;KRT6B;SERPINA3;SLC22A3;SBSPON;GABRP;CLDN2;CRNDE;CLDN1;SLCO1B3;ODAM;MMP1;IL13RA2;S100A8;KRT23;TRIM29;AZGP1;MMP7;FOXQ1;CXCL8;INHBA;SRPX2;CCL20;GRHL3;CCNO",TRUE
