"clade_name","Sample_7","Sample_10","Sample_8","Sample_9","Sample_12","Sample_11","Sample_14","Sample_13","Sample_15","Sample_16","Sample_17","Sample_19","Sample_22","Sample_18","Sample_20","Sample_21","Sample_23","Sample_24","Sample_26","Sample_27","Sample_29","Sample_25","Sample_28","Sample_31","Sample_35","Sample_33","Sample_34","Sample_32","Sample_36","Sample_37","Sample_38","Sample_39","Sample_41","Sample_42","Sample_40","Sample_43","Sample_44","Sample_45","Sample_2","Sample_3","Sample_4","Sample_5"
"k__Archaea|p__Euryarchaeota",0,0,0.15853,0,0,0,0,2.73377,0.13286,0,0,0,0,0,0,0,1.95719,0,0,0,0,0,0,0,0,0,0,0,0,3.06574,0,0,0,0,0,0,0,0,3.06937,1.35888,0,0
"k__Bacteria|p__Actinobacteria",16.89061,18.80001,8.33318,14.83654,44.2263,24.89027,10.33719,7.09661,6.22736,2.58896,3.54001,1.62486,19.65115,5.83388,4.81645,2.68665,3.77817,6.92476,2.57739,12.90512,1.99153,17.74075,29.77773,0.94591,1.20754,16.38949,23.07207,8.15968,0.58811,3.16967,24.71602,7.99757,13.78594,1.81524,8.44725,4.29651,19.78094,7.78279,11.42919,4.72128,12.05904,7.93951
"k__Bacteria|p__Bacteria_unclassified",0.03221,0.01012,0,0,0,0.00102,0.00638,0.01035,0.00464,0.03573,0.03314,0.00788,0.00774,0.02122,0,0,0.00865,0,0,0.02315,0.0666,0,0,0,0,0,0,0.01142,0,0.03187,0,0.00543,0.00219,0.03111,0,0,0.01361,0.01642,0.00924,0.0074,0.00104,0
"k__Bacteria|p__Bacteroidota",14.57052,6.91233,20.88287,0.2554,0.00326,1.04829,2.32876,2.03177,0.49444,21.6692,22.31617,25.9214,10.30244,1.04286,0.47776,40.7501,1.25432,8.8062,5.25487,2.49122,0.96504,6.85417,1.88549,0.31478,3.95725,7.59154,1.57965,45.69724,37.16743,10.06655,1.39512,18.41809,7.11874,5.25324,3.61983,0.12593,1.77717,4.94455,4.15047,1.71702,0.15594,0.84746
"k__Bacteria|p__Candidatus_Melainabacteria",0,0,0,0,0,0,0,0,0,0,0,0,0,0,0,0,0,0,0,0,0,0,0,0,0,0,0,0,0,0,0,0,0,0,0,0,0,0,0.00091,0.00102,0,0
"k__Bacteria|p__Candidatus_Saccharibacteria",0,0,0.06364,0.05222,0.01681,0.01788,0.02524,0.00209,0.00166,0.00797,0.00251,0,0.0038,0.02438,0.29473,0.00601,0.00044,0.00091,0.0217,0.01544,0.04845,0.00238,0.01191,0.2218,0.01299,0,0.00371,0.02922,0,0,0.042,0.01513,0,0.00285,0.04727,0.01996,0.00469,0.00261,0.002,0.01327,0,3e-04
"k__Bacteria|p__Firmicutes",68.09928,73.91839,64.6752,84.54593,55.74022,73.88879,85.87954,88.03423,93.13391,74.72684,73.29974,36.46667,54.16637,82.0889,55.9272,52.19139,92.31435,83.97696,92.04761,84.54836,96.8735,72.92497,64.57712,98.28777,94.73432,75.96529,75.18067,44.79634,58.49959,81.1852,73.16288,73.36253,61.4218,87.42668,87.41789,93.37888,77.7317,76.36222,80.2694,91.84398,87.78364,90.25546
"k__Bacteria|p__Fusobacteria",0,0,0.00495,0,0,0.02217,0,0.01003,0,0,0.00187,22.19627,0.02175,6.05557,1.27701,0.11009,0,0.00169,0,0.01032,0,0.05209,0.05555,0,0,0,0,0.03053,1.22028,0.33749,0.01019,0,0.09291,0,0.08172,0,0.00472,0.00287,0.00085,0.00591,0,0.03018
"k__Bacteria|p__Lentisphaerae",0,0,0,0,0,0,0,0,0,0,0,0.02151,0,0,0,0,0,0,0,0,0,0,0,0,0,0,0,0,0,0.0031,0,0,0,0,0,0,0,0,0,0,0,0
"k__Bacteria|p__Proteobacteria",0.39805,0.29819,5.88141,0.2963,0.01341,0.13159,1.42289,0.06035,0.00512,0.97129,0.80657,0.85658,4.74227,4.9324,37.20684,1.94976,0.51796,0.28948,0.09053,0.00639,0.05488,0.53563,0.35782,0.22857,0.04011,0.05368,0.15707,1.27557,2.52459,0.40066,0.67379,0.19866,14.42451,1.41293,0.37319,2.17469,0.00144,0.15601,0.0439,0.19707,0.00033,0.92709
"k__Bacteria|p__Synergistetes",0,0,0.00022,0.0136,0,0,0,0.02079,0,0,0,0.19801,0.54499,0,0,0.00549,0.10119,0,0,0,0,0.01062,0.29521,0,0,0,0.00682,0,0,0.41243,0,0.00259,0,0,0.01285,0.00011,0,0,0.00287,0.00288,0,0
"k__Bacteria|p__Tenericutes",0.00934,0.06096,0,0,0,0,0,0,0,0,0,0,0,0,0,0,0,0,0,0,0,0,0,0,0,0,0,0,0,0,0,0,0,0,0,0,0,0,0.00839,0.01274,0,0
"k__Bacteria|p__Verrucomicrobia",0,0,0,0,0,0,0,0,0,0,0,12.70682,10.55949,0.00078,0,2.3005,0.06771,0,0.00791,0,0,1.87939,3.03915,0.00117,0.04778,0,0,0,0,1.32728,0,0,3.15391,4.05796,0,0.00392,0.68573,10.73254,1.01342,0.11855,0,0
