"List","Table","Group","Species"
"health_S1A","Supplementary Table 1A","Cardiometabolic health-associated bacteria","GGB13404_SGB14252"
"health_S1A","Supplementary Table 1A","Cardiometabolic health-associated bacteria","GGB4552_SGB6276"
"health_S1A","Supplementary Table 1A","Cardiometabolic health-associated bacteria","Clostridium_sp_NSJ_42"
"health_S1A","Supplementary Table 1A","Cardiometabolic health-associated bacteria","Faecalibacterium_prausnitzii"
"health_S1A","Supplementary Table 1A","Cardiometabolic health-associated bacteria","GGB4585_SGB6340"
"health_S1A","Supplementary Table 1A","Cardiometabolic health-associated bacteria","GGB9237_SGB14179"
"health_S1A","Supplementary Table 1A","Cardiometabolic health-associated bacteria","GGB9707_SGB15229"
"health_S1A","Supplementary Table 1A","Cardiometabolic health-associated bacteria","Intestinimonas_gabonensis"
"health_S1A","Supplementary Table 1A","Cardiometabolic health-associated bacteria","GGB3653_SGB4964"
"health_S1A","Supplementary Table 1A","Cardiometabolic health-associated bacteria","GGB3619_SGB4894"
"health_S1A","Supplementary Table 1A","Cardiometabolic health-associated bacteria","Lachnospiraceae_bacterium_OM04_12BH"
"health_S1A","Supplementary Table 1A","Cardiometabolic health-associated bacteria","Oscillibacter_sp_MSJ_31"
"health_S1A","Supplementary Table 1A","Cardiometabolic health-associated bacteria","Roseburia_sp_BX1005"
"crc_S1A","Supplementary Table 1A","Oral-derived CRC signatures","Dialister_pneumosintes"
"crc_S1A","Supplementary Table 1A","Oral-derived CRC signatures","Fusobacterium_nucleatum"
"crc_S1A","Supplementary Table 1A","Oral-derived CRC signatures","Fusobacterium_periodonticum"
"crc_S1A","Supplementary Table 1A","Oral-derived CRC signatures","Gemella_morbillorum"
"crc_S1A","Supplementary Table 1A","Oral-derived CRC signatures","Granulicatella_adiacens"
"crc_S1A","Supplementary Table 1A","Oral-derived CRC signatures","Parvimonas_micra"
"crc_S1A","Supplementary Table 1A","Oral-derived CRC signatures","Peptostreptococcus_stomatis"
"crc_S1A","Supplementary Table 1A","Oral-derived CRC signatures","Prevotella_intermedia"
"crc_S1A","Supplementary Table 1A","Oral-derived CRC signatures","Prevotella_nigrescens"
"crc_S1A","Supplementary Table 1A","Oral-derived CRC signatures","Slackia_exigua"
"crc_S1A","Supplementary Table 1A","Oral-derived CRC signatures","Solobacterium_moorei"
"crc_S1A","Supplementary Table 1A","Oral-derived CRC signatures","Solobacterium_SGB6833"
"crc_S1A","Supplementary Table 1A","Oral-derived CRC signatures","Streptococcus_mutans"
"icb_S1A","Supplementary Table 1A","ICB-favorable bacteria","Roseburia_sp_AF02_12"
"icb_S1A","Supplementary Table 1A","ICB-favorable bacteria","Dorea_formicigenerans"
"icb_S1A","Supplementary Table 1A","ICB-favorable bacteria","Wujia_chipingensis"
"icb_S1A","Supplementary Table 1A","ICB-favorable bacteria","Phocaeicola_dorei"
"icb_S1A","Supplementary Table 1A","ICB-favorable bacteria","Anaerofilum_hominis"
"icb_S1A","Supplementary Table 1A","ICB-favorable bacteria","Lacrimispora_amygdalina"
"icb_S1A","Supplementary Table 1A","ICB-favorable bacteria","Clostridium_sp_AM22_11AC"
"icb_S1A","Supplementary Table 1A","ICB-favorable bacteria","GGB9699_SGB15216"
"icb_S1A","Supplementary Table 1A","ICB-favorable bacteria","Alistipes_communis"
"icb_S1A","Supplementary Table 1A","ICB-favorable bacteria","Anaeromassilibacillus_senegalensis"
"icb_S1A","Supplementary Table 1A","ICB-favorable bacteria","GGB47687_SGB2286"
"icb_S1A","Supplementary Table 1A","ICB-favorable bacteria","GGB9634_SGB15093"
"icb_S1A","Supplementary Table 1A","ICB-favorable bacteria","Holdemania_filiformis"
"icb_S1A","Supplementary Table 1A","ICB-favorable bacteria","Bacteroides_stercoris"
"icb_S1A","Supplementary Table 1A","ICB-favorable bacteria","Blautia_caecimuris"
"mucin_S1A","Supplementary Table 1A","Mucin degraders","Akkermansia_muciniphila"
"mucin_S1A","Supplementary Table 1A","Mucin degraders","Bacteroides_caccae"
"mucin_S1A","Supplementary Table 1A","Mucin degraders","Bacteroides_clarus"
"mucin_S1A","Supplementary Table 1A","Mucin degraders","Bacteroides_faecis"
"mucin_S1A","Supplementary Table 1A","Mucin degraders","Bacteroides_finegoldii"
"mucin_S1A","Supplementary Table 1A","Mucin degraders","Bacteroides_fragilis"
"mucin_S1A","Supplementary Table 1A","Mucin degraders","Bacteroides_intestinalis"
"mucin_S1A","Supplementary Table 1A","Mucin degraders","Bacteroides_nordii"
"mucin_S1A","Supplementary Table 1A","Mucin degraders","Bacteroides_ovatus"
"mucin_S1A","Supplementary Table 1A","Mucin degraders","Bacteroides_stercoris"
"mucin_S1A","Supplementary Table 1A","Mucin degraders","Bacteroides_thetaiotaomicron"
"mucin_S1A","Supplementary Table 1A","Mucin degraders","Bacteroides_uniformis"
"mucin_S1A","Supplementary Table 1A","Mucin degraders","Bacteroides_xylanisolvens"
"mucin_S1A","Supplementary Table 1A","Mucin degraders","Phocaeicola_vulgatus"
"mucin_S1A","Supplementary Table 1A","Mucin degraders","Barnesiella_intestinihominis"
"mucin_S1A","Supplementary Table 1A","Mucin degraders","Ruminococcus_gnavus"
"mucin_S1A","Supplementary Table 1A","Mucin degraders","Ruminococcus_torques"
"mucin_S1A","Supplementary Table 1A","Mucin degraders","Bifidobacterium_bifidum"
"mucin_S1A","Supplementary Table 1A","Mucin degraders","Bifidobacterium_breve"
"mucin_S1A","Supplementary Table 1A","Mucin degraders","Bifidobacterium_longum"
"butyrate_S1A","Supplementary Table 1A","Butyrate-producing guild","Anaerobutyricum_hallii"
"butyrate_S1A","Supplementary Table 1A","Butyrate-producing guild","Anaerobutyricum_soehngenii"
"butyrate_S1A","Supplementary Table 1A","Butyrate-producing guild","Anaerostipes_butyraticus"
"butyrate_S1A","Supplementary Table 1A","Butyrate-producing guild","Anaerostipes_caccae"
"butyrate_S1A","Supplementary Table 1A","Butyrate-producing guild","Anaerostipes_hadrus"
"butyrate_S1A","Supplementary Table 1A","Butyrate-producing guild","Anaerotruncus_colihominis"
"butyrate_S1A","Supplementary Table 1A","Butyrate-producing guild","Coprococcus_comes"
"butyrate_S1A","Supplementary Table 1A","Butyrate-producing guild","Coprococcus_eutactus"
"butyrate_S1A","Supplementary Table 1A","Butyrate-producing guild","Eubacterium_limosum"
"butyrate_S1A","Supplementary Table 1A","Butyrate-producing guild","Eubacterium_ramulus"
"butyrate_S1A","Supplementary Table 1A","Butyrate-producing guild","Eubacterium_rectale"
"butyrate_S1A","Supplementary Table 1A","Butyrate-producing guild","Faecalibacterium_prausnitzii"
"butyrate_S1A","Supplementary Table 1A","Butyrate-producing guild","Roseburia_faecis"
"butyrate_S1A","Supplementary Table 1A","Butyrate-producing guild","Roseburia_hominis"
"butyrate_S1A","Supplementary Table 1A","Butyrate-producing guild","Roseburia_intestinalis"
"butyrate_S1A","Supplementary Table 1A","Butyrate-producing guild","Ruminococcus_bromii"
"butyrate_S1A","Supplementary Table 1A","Butyrate-producing guild","Ruminococcus_callidus"
"butyrate_S1A","Supplementary Table 1A","Butyrate-producing guild","Coprococcus_catus"
"butyrate_S1A","Supplementary Table 1A","Butyrate-producing guild","Roseburia_inulinivorans"
"sulfidogenic_S1A","Supplementary Table 1A","Sulfidogenic bacteria","Desulfovibrio_desulfuricans"
"sulfidogenic_S1A","Supplementary Table 1A","Sulfidogenic bacteria","Desulfovibrio_piger"
"sulfidogenic_S1A","Supplementary Table 1A","Sulfidogenic bacteria","Desulfovibrio_porci"
"sulfidogenic_S1A","Supplementary Table 1A","Sulfidogenic bacteria","Bilophila_wadsworthia"
"butyrate_producer_S1B","Supplementary Table 1B","Direct butyrate producer","Eubacterium_rectale"
"butyrate_producer_S1B","Supplementary Table 1B","Direct butyrate producer","Eisenbergiella_tayi"
"butyrate_producer_S1B","Supplementary Table 1B","Direct butyrate producer","Roseburia_inulinivorans"
"butyrate_producer_S1B","Supplementary Table 1B","Direct butyrate producer","Intestinimonas_butyriciproducens"
"butyrate_crossfeeder_S1B","Supplementary Table 1B","Butyrate cross-feeder","Bifidobacterium_longum"
"butyrate_crossfeeder_S1B","Supplementary Table 1B","Butyrate cross-feeder","Ruminococcus_callidus"
"butyrate_crossfeeder_S1B","Supplementary Table 1B","Butyrate cross-feeder","Bifidobacterium_dentium"
"butyrate_crossfeeder_S1B","Supplementary Table 1B","Butyrate cross-feeder","Lacrimispora_amygdalina"
"icb_S1B","Supplementary Table 1B","ICB-favorable bacteria","Eubacterium_rectale"
"icb_S1B","Supplementary Table 1B","ICB-favorable bacteria","Bifidobacterium_longum"
"icb_S1B","Supplementary Table 1B","ICB-favorable bacteria","Ruminococcus_callidus"
"icb_S1B","Supplementary Table 1B","ICB-favorable bacteria","Bifidobacterium_dentium"
"icb_S1B","Supplementary Table 1B","ICB-favorable bacteria","Lachnospiraceae_bacterium_CLA_AA_H244"
"icb_S1B","Supplementary Table 1B","ICB-favorable bacteria","Akkermansia_muciniphila"
"icb_S1B","Supplementary Table 1B","ICB-favorable bacteria","Lacrimispora_amygdalina"
"icb_S1B","Supplementary Table 1B","ICB-favorable bacteria","Ruminococcus_sp_AF41_9"
"crc_S1B","Supplementary Table 1B","CRC signatures","Veillonella_dispar"
"crc_S1B","Supplementary Table 1B","CRC signatures","Akkermansia_muciniphila"
"crc_S1B","Supplementary Table 1B","CRC signatures","Schaalia_odontolytica"
"crc_S1B","Supplementary Table 1B","CRC signatures","Clostridium_saudiense"
"crc_S1B","Supplementary Table 1B","CRC signatures","Turicibacter_sanguinis"
"crc_S1B","Supplementary Table 1B","CRC signatures","Rothia_mucilaginosa"
"crc_S1B","Supplementary Table 1B","CRC signatures","Schaalia_SGB17154"
"crc_S1B","Supplementary Table 1B","CRC signatures","Solobacterium_moorei"
"crc_S1B","Supplementary Table 1B","CRC signatures","Lancefieldella_parvula"
"crc_S1B","Supplementary Table 1B","CRC signatures","Fusobacterium_nucleatum"
