"AnalysisOrder","MetaboliteSampleID","SubjectID","Timepoint","SampleID","Acetate","Propionate","Isobutyrate","Butyrate","Isovalerate","Valerate","Acetaminophen","Aminophenol","Anthranilic_acid","Dopamine","gamma_Aminobutyric_acid","Glutamic_acid","Histamine","Indole","Indole_acetamide","Indole_acetic_acid","Indole_lactic_acid","Indolepropionic_acid","Kynurenic_acid","Nicotinic_acid","Picolinic_acid","Tryptamine","Tryptophan","Xanthurenic_acid","Cholic_acid","Chenodeoxycholic_acid","Glycocholic_acid","Glycochenodeoxycholic_acid","Taurocholic_acid","Taurochenodeoxycholic_acid","Deoxycholic_acid","Hyodeoxycholic_acid","Lithocholic_acid","Ursodeoxycholic_acid","Glycodeoxycholic_acid","Glycolithocholic_acid","Glycoursodeoxycholic_acid","Taurodeoxycholic_acid","Taurolithocholic_acid","Tauroursodeoxycholic_acid_Taurohyodeoxycholic_acid"
1,"FD-599","S22211","Before","Sample_7",25.02214436,7.242151114,1.919294891,7.750443379,3.273387943,1.305857491,0,0.002658067,0,0,0,3.164638515,7.76e-05,0.532450964,0,0.029351672,0,0.002209086,0.000389285,0.083063216,0.001855878,0.125394908,0.090576897,0.000507941,0.007771836,0.422813973,0,0.00089232,0,3.51e-06,0.432259057,0.113036242,0.510775437,0.077945885,0.001413426,0.000217205,0,0,0,6.71e-06
2,"FD-602","S22207","Before","Sample_8",42.71273073,21.60069414,0.224225235,14.39230564,0.25115409,0.447058361,0,0.000398408,0,0.001306617,0.65310797,0.433553432,7.76e-05,0.278340104,0,0.007744595,0.00793548,0.009934208,0.000495841,0.060750973,0,0.00096981,0.526856289,0.005288203,0.154849306,0.451813525,0,0.001830319,0,3.51e-06,0.319512422,0.113036242,0.303838841,0.077945885,0.000169902,0,0.000156216,0,0.000171756,6.71e-06
3,"FD-605","S22210","Before","Sample_9",38.44425843,13.2554543,0.755593385,8.053801489,0.981056424,1.07529244,0,0.000360269,0,0,0,5.362958609,7.76e-05,0.568651956,0,0.007735394,0.001893877,0.001413264,0.000272483,0.072021331,0.011797754,0.003960585,0.945600781,0.004453902,0.224451943,1.030884931,0.002456309,0.003713818,0,3.51e-06,1.530649659,0.113036242,0.785293656,0.077945885,0.006983657,0.000318454,0.001132891,0.000625662,0,6.71e-06
4,"FD-606","S22211","Ongoing","Sample_10",18.1647427,4.799652497,1.097875685,3.434379243,1.867532089,0.78824598,0,0.003013097,0,0,0,3.043712766,7.76e-05,0.524049646,0,0.001916563,0,0.000362455,0.000731948,0.017751641,0.001292088,0.233460411,0,0.001489419,0,0.954395793,7.42e-05,0.000557235,0,3.51e-06,0.869320759,0.113036242,1.835105414,0.077945885,0.002265641,0.001023161,0,0,0,6.71e-06
5,"FD-607","S22218","Before","Sample_11",40.36152043,13.54808523,2.34060963,8.222300804,3.700938719,5.195901903,0.245358172,0.000423596,0,0,0,8.588485578,7.76e-05,2.076071009,0,0.058011748,0,0.001452741,0.003516538,0.214656179,0,0,1.295255733,0.008170658,0.001544363,0.597691132,0.001023095,0.005144571,0,0.000142575,0.626794502,0.113036242,1.751608063,0.077945885,0.003165194,0.0012813,0.001073943,0,0,6.71e-06
6,"FD-610","S22210","Ongoing","Sample_12",39.40484673,11.61698958,0.461699046,9.831426886,0.585916233,1.036006143,0,0.000638265,0,0,0.180944193,3.544712501,7.76e-05,0.519660687,0,0.002789268,0,0.002291156,0.000425076,0.099695644,0,0,0.618590537,0.003859804,1.304098279,0.886930605,0.00503621,0.005948672,0.002771558,0.002370806,1.370327929,0.113036242,0.821461387,0.077945885,0.005063808,0.000160662,0.000883434,0.00260312,0.000476398,6.71e-06
7,"FD-616","S22255","Before","Sample_13",54.28535384,17.74734569,1.613734417,12.68027899,2.415040101,3.241896069,0,0.000838371,0,0,0.074358986,7.818957301,7.76e-05,0.777065906,0,0.060430226,0.000396897,0.00428726,0.002165449,0.220525601,0,0,0.652494386,0.004216013,0.207546196,1.28870638,0.001586476,0.002919037,0,0.000687698,1.175531741,0.113036242,0.903143927,0.077945885,0.004416829,0.000319903,0.000542138,0.000839034,0.000123362,6.71e-06
8,"FD-622","S22255","Ongoing","Sample_15",32.7804162,10.84407154,1.239754799,8.039590526,1.761551437,1.560677228,0,0.000695828,0,0,0,10.41925751,7.76e-05,0.830284231,0,0.118536316,0.004292051,0.007358264,0.003248896,0.330985457,0.003087791,0,0.275327237,0.004543548,0.001311036,1.416235437,0,0.000739132,0,3.51e-06,0.61673123,0.113036242,0.93057487,0.077945885,0.00204196,0.000571749,0,0,0,6.71e-06
9,"FD-624","S22294","Before","Sample_16",46.10758302,22.79524749,2.924160703,17.73599285,4.428870539,1.773639078,0,0.000619101,0,0,0.146695933,7.543712263,7.76e-05,1.914311303,0,0.023043505,0,0.007167919,0.00296015,0.155014047,0,0,0.986623244,0.007009065,0.013178816,1.145720328,0.00522182,0.004018441,0.002276647,0.00061422,0.492208813,0.113036242,1.268964788,0.077945885,0.001112532,0.000438049,0.000356261,0,0.000287619,6.71e-06
10,"FD-629","S22294","Ongoing","Sample_17",34.9725735,12.18940372,0.382638472,9.622248253,0.491866478,0.202619895,0,0.000948588,0,0,0.297560149,1.236547361,7.76e-05,0.750325638,0,0,0,0.004392691,0.000681461,0.090490898,0,0.001818207,0.467396369,0.002538603,1.825314592,0.711973862,0.001083583,0.00190602,0.002345599,0.001276409,0.995224409,0.113036242,0.342447733,0.077945885,0.00064182,0,0.000119852,0.000789102,0.00013321,6.71e-06
11,"FD-642","S22338","Before","Sample_18",68.25793883,28.4658259,4.029156775,15.25985733,5.89253187,2.808890579,0,0.000383679,0,0,0.895763737,6.061063015,7.76e-05,1.245558223,0,0.012496237,0.004548957,0.002289273,0.000461107,0.160659293,0,0.214122571,1.496957997,0.009021688,1.51367979,1.232069048,0.003762039,0.001814893,0.006754939,0.002271531,2.601528348,0.113036242,0.691019863,0.537011249,0.005005907,0.000380603,0.001619877,0.009988999,0.001071546,0.00145912
12,"FD-646","S22338","Ongoing","Sample_20",62.31586219,42.24289101,0.446567568,10.21312711,0.707400796,0.445356642,0,0.000579611,0,0,3.311518694,0.465628768,7.76e-05,0.226195261,0,0.003208692,0.00035389,0.003529357,0,0.070743725,0,0.163401479,1.715791293,0.008196437,3.418055265,1.610230459,0.005844887,0.005705169,0.013019451,0.006659971,1.569831585,0.113036242,0.230941269,0.32480787,0.00484503,0,0.001112547,0.007174989,0.000339795,0.000515671
13,"FD-648","S22360","Before","Sample_21",20.02854512,5.423571739,1.244596382,4.034680565,1.750101428,1.009992787,0.002325156,0,0,0,0,1.357999525,7.76e-05,0.32653242,0,0.018979535,0,0.000558137,0.002455455,0.029187925,0,0,0.164965889,0.001727246,0,0.184468515,0,0.000325715,0,3.51e-06,0.081531487,0.113036242,0.062693866,0.077945885,0.000799529,0,0,0,0,6.71e-06
14,"FD-649","S22334","Ongoing","Sample_22",26.2490312,11.33574231,2.99733117,12.86051327,4.948825593,2.864365571,0,0.002422265,0,0,0,3.567075818,7.76e-05,0.893211412,0,0,0,0.000895626,0.000176636,0.065428181,0,0,0.311879056,0.001926559,0.004366936,1.121451607,0,0.00038966,0,3.51e-06,2.436231358,0.113036242,2.321089226,0.077945885,0.003128757,0.000460384,0,0,0,6.71e-06
15,"FD-706","S23060","Before","Sample_23",29.85187467,9.743801251,2.779128854,10.55906232,5.094475224,3.056135395,0,0.002202354,0,0,0,6.202379101,7.76e-05,1.271823343,0,0.016030813,0.004854882,0.001165618,0.00024194,0.111876911,0,0.005964334,0.297504863,0.010787312,0.018964924,9.769479198,0.000962652,0.001211557,0.003247335,0.000519749,3.259777661,0.113036242,4.687730814,0.077945885,0.008234123,0.002122568,0,0.001065573,0.000111228,6.71e-06
16,"FD-737","S23122","Before","Sample_24",45.60377767,16.95549878,1.535032015,15.57869525,1.953031288,2.081961021,0,0.000977002,0,0.00044495,0,5.462663291,7.76e-05,0.558536585,0,0.006880892,0.001422243,0.007752783,0.003431401,0.285130919,0,0,0.444814874,0.005251059,0.008468077,0.481909569,0.003793598,0.007200322,0,0.000842541,0.417594023,0.113036242,0.414221086,0.077945885,0.002939816,0,0.000498323,0,0,6.71e-06
17,"FD-762","S23134","Before","Sample_27",23.47474581,8.919021386,1.077535093,5.950692002,1.499655533,0.23806815,0,0,0,0,0.310824432,3.911003034,7.76e-05,0.468872655,0,0.063170311,0,0.001672123,0.000598744,0.091171416,0,0,0.634499429,0.003257785,0.005626153,0.492653419,0.000282083,0.000871568,0,3.51e-06,1.148146675,0.113036242,1.204193714,0.077945885,0.002860301,0.000739552,0.000176175,0.002280206,0.000887451,6.71e-06
18,"FD-765","S23124","Ongoing","Sample_28",63.9250215,19.02359236,7.996197787,16.36092878,10.73423762,4.378409318,0,0.000637103,0,0,0,3.668786651,7.76e-05,1.628471122,0,0.012297602,0,0.007122672,0.002504116,0.020475489,0,0.002012117,1.318227048,0.006757738,0,0.414126045,0,8.57e-05,0,3.51e-06,0.470250022,0.113036242,1.022455683,0.077945885,0.0010237,0.000547883,0,0,0,6.71e-06
19,"FD-775","S23134","Ongoing","Sample_29",29.33669438,13.54187719,1.503878539,5.988012084,2.10565509,0.25564554,0,0,0,0,0.323719722,6.015074425,7.76e-05,0.815348749,0,0.0535098,0,0.00323962,0.000300096,0.133476076,0,0.005030226,0.863057165,0.005633838,0.003376231,2.257903336,0.00080762,0.002012508,0.002195004,0.000669373,1.060889371,0.113036242,1.256935645,0.077945885,0.004097753,0.000585143,0.000189261,0.017301984,0.004219412,6.71e-06
20,"FD-790","S23187","Before","Sample_32",34.90053151,12.22649635,0.378443452,7.172409501,0.515861194,0.210708118,0,0.000245642,0,0,0.044422103,2.894601393,7.76e-05,0.243826768,0,0,0,0.000727748,0.00024908,0.073571883,0,0.053088473,0.497247489,0.002593726,0.005373034,0.056917352,0,0.002202426,0,0.001082603,0.109146036,0.113036242,0.217097315,0.077945885,0,0,0.001883502,0,0,0.000227062
21,"FD-791","S23197","Before","Sample_33",43.79666758,15.07313416,1.718030373,9.49980434,2.705927912,3.103876074,0,0.000271399,0,0,0,7.102698023,7.76e-05,1.371021907,0,0.021540489,0.003149185,0.004171075,0.001007175,0.23105677,0,0,0.715532929,0.004264127,0.006094126,1.052584855,0.000909697,0.00235844,0,3.51e-06,0.670049657,0.113036242,0.612420895,0.077945885,0.002570987,0.000268002,0.000706629,0,0,6.71e-06
22,"FD-803","S23197","Ongoing","Sample_34",40.76387119,10.73653302,2.401411725,6.317450715,3.923575304,2.376069149,0,0.000324622,0,0,0.060123673,10.41225833,7.76e-05,0.576474298,0,0.01505549,0.003453866,0.001689322,0.001602886,0.091092097,0.002546517,0,0.72307297,0.005395096,0,1.839184996,0,0.000574415,0,3.51e-06,0.501658987,0.113036242,1.096766559,0.077945885,0.002695615,0.001233626,0.000271757,0,0,6.71e-06
23,"FD-868","S23312","Before","Sample_38",78.50519611,33.00116299,3.691789765,31.29060208,6.167765333,7.208855848,0,0.001737843,0,0.000571641,0.681248445,4.403848364,7.76e-05,1.078455743,0,0.001771388,0.001383173,0.003893757,0.000660042,0.134645074,0,0.007532682,0.297438137,0.002053349,0.001608358,1.066069934,0,0.000174118,0,3.51e-06,0.780308725,0.113036242,0.572366578,0.077945885,0.001840156,0.000240312,0,0,0,6.71e-06
24,"FD-916","S23450","Before","Sample_40",73.35171238,38.04674143,1.667056935,18.44079518,1.864959302,1.783208167,0.501781576,7.43e-05,0,0.000325935,0.483434885,5.260975192,7.76e-05,0.596082068,0,0.013071789,0,0.003901395,0.003344789,0.193872626,0,0.003044279,1.470731154,0.010765738,0.044456922,1.825240098,0.003507383,0.010328488,0,0.000966723,1.861208403,0.113036242,1.135503933,0.077945885,0.003796972,0.000174661,0.001263256,0.002723052,0.001046686,6.71e-06
25,"FD-920","S23460","Before","Sample_41",12.59896399,1.591715519,0,0.962686236,0.18884825,0,0,0,0.003501547,0,0,2.993398909,7.76e-05,0.351683583,0,0.009329676,0,0.003430074,0.000233521,0.008528956,0,0,0.803558615,0.004403685,0.009556643,0.664762821,0.000410637,0.005645023,0,3.51e-06,0.433076522,0.113036242,0.20969353,0.077945885,0.000464535,0,0.000533066,0,0,6.71e-06
26,"FD-921","S23460","Ongoing","Sample_42",32.59352117,15.16323807,1.594176166,8.079269619,2.644350696,0.303779064,0,0.001295436,0,0,0.059240035,4.337818458,7.76e-05,0.798023448,0,0,0,0.002810066,0.001297729,0.083734952,0,0,0.871959823,0.004715009,0.371882079,0.938209277,0.00202897,0.003633765,0,3.51e-06,0.462202223,0.113036242,0.143798236,0.077945885,0.000714092,0,0.001646398,0,0,6.71e-06
27,"FD-926","S23486","Before","Sample_43",24.2821839,9.652239668,2.077913476,9.386185995,3.51538972,2.390095802,0,0.00030809,0,0,0,2.652291265,7.76e-05,0.501348134,0,0.104235134,0,0.001523774,0.001918892,0.047447095,0,0,0.374826289,0.002196625,0.006786409,0.850989554,0,0.000558209,0,3.51e-06,1.622452349,0.113036242,1.105808491,0.077945885,0.003252177,0.000464409,0,0.000606863,0,6.71e-06
28,"FD-945","S23526","Before","Sample_44",33.01900089,10.82470825,0.710084502,9.4709281,0.843659093,0.401977874,0,0.000320945,0,0.001264643,0.092823139,4.411923445,7.76e-05,0.259138849,0,0.002086993,0,0.003323708,0.000586709,0.115682216,0,0,0.513795546,0.003805627,0.851001938,0.224724792,0.004926333,0.004020714,0.00158276,0.001527562,0.074897078,0.113036242,0.062693866,0.208982431,0.000215505,0,0.001575637,0,0,0.000476584
29,"FD-952","S23526","Ongoing","Sample_45",39.60496616,13.05440912,1.231413373,4.982742228,1.871500136,0.708437146,0,0.000266608,0,0,0,4.35007314,7.76e-05,0.57782583,0,0,0.006949307,0.001340227,0.000264741,0.036637609,0.001842382,0,0.461815965,0.002740048,0.005969435,0.731891987,0,0.000324091,0,3.51e-06,0.337862548,0.246704672,0.410414801,0.077945885,0.000613077,0.000140607,0.000244928,0,0,6.71e-06
31,"FD-1033","S24068","Before","Sample_2",33.53930622,10.31259635,2.879708524,8.276990684,4.27922851,2.18233075,0,0.000482606,0,0,0,5.653099063,7.76e-05,1.058971159,0,0.005199745,0.001029785,0.00189015,0.00467024,0.08790107,0,0,0.490367684,0.00383494,0,0.056917352,0,0,0,3.51e-06,0.06379942,0.113036242,0.217691545,0.077945885,0,0,0,0,0,6.71e-06
32,"FD-1046","S24068","Ongoing","Sample_3",27.19850398,9.359348967,1.754906304,7.254410862,2.707657987,1.72772523,0,0.000704841,0,0,0.077126424,8.207929885,7.76e-05,0.817668175,0,0.01539515,0.001816153,0.002054141,0.002969311,0.174308756,0,0,0.539312986,0.003871627,0.004892306,1.576464705,0.000728188,0.001614842,0.00041141,3.51e-06,1.692113021,0.113036242,2.076250389,0.077945885,0.00686431,0.001963458,0,0,0,6.71e-06
33,"FD-1078","S24104","Before","Sample_5",50.28921655,14.58766703,1.747446326,12.03128751,2.631772518,0.36299104,0.00274904,0.000482961,0,0,1.336534085,7.531782084,7.76e-05,0.713172591,0,0.003471439,0.002187159,0.008606352,0.002730682,0.116156262,0,0,1.00618802,0.007677055,0.02207954,0.68975222,0,0.001515791,0,0.0006807,0.86412704,0.113036242,0.738542206,0.077945885,0.002331765,0.000627949,0.000238365,0.002064256,0.001137576,6.71e-06
